{"schema": "acumos.schema.model:0.4.0", "runtime": {"name": "python", "encoding": "protobuf", "version": "3.6.9", "dependencies": {"pip": {"indexes": [], "requirements": [{"name": "dill", "version": "0.3.1.1"}, {"name": "tensorflow", "version": "1.12.2"}, {"name": "ucumos", "version": "0.8.4"}]}, "conda": {"channels": [], "requirements": []}}}, "name": "mnist\u793a\u4f8b", "methods": {"init_model_data": {"input": "InitModelDataIn", "output": "InitModelDataOut", "description": ""}, "classify": {"input": "ClassifyIn", "output": "ClassifyOut", "description": "\u624b\u5199\u6570\u5b57\u8bc6\u522b\uff0c\u8f93\u5165\uff1a\u5f52\u4e00\u5316\u4e4b\u540e\u7070\u5ea6\u503c\u6570\u7ec4"}}}